Enrollment Number,Course,Batch,College ID,Branch
08614901822,bba,22,149,B%26I
06314901822,bba,22,149,B%26I
06514901822,bba,22,149,B%26I
35114901822,bba,22,149,B%26I
00214901822,bba,22,149,B%26I
01014901822,bba,22,149,B%26I
01214901822,bba,22,149,B%26I
03714901822,bba,22,149,B%26I
06714901822,bba,22,149,B%26I
02714901822,bba,22,149,B%26I
05214901822,bba,22,149,B%26I
03414901822,bba,22,149,B%26I
08314901822,bba,22,149,B%26I
00614901822,bba,22,149,B%26I
06014901822,bba,22,149,B%26I
35214901822,bba,22,149,B%26I
01614901822,bba,22,149,B%26I
00714901822,bba,22,149,B%26I
05014901822,bba,22,149,B%26I
06414901822,bba,22,149,B%26I
07814901822,bba,22,149,B%26I
01914901822,bba,22,149,B%26I
03514901822,bba,22,149,B%26I
00814901822,bba,22,149,B%26I
02014901822,bba,22,149,B%26I
35314901822,bba,22,149,B%26I
08414901822,bba,22,149,B%26I
07014901822,bba,22,149,B%26I
06114901822,bba,22,149,B%26I
06914901822,bba,22,149,B%26I
03814901822,bba,22,149,B%26I
03614901822,bba,22,149,B%26I
04414901822,bba,22,149,B%26I
01514901822,bba,22,149,B%26I
80114901822,bba,22,149,B%26I
07914901822,bba,22,149,B%26I
01114901822,bba,22,149,B%26I
02214901822,bba,22,149,B%26I
35414901822,bba,22,149,B%26I
08714901822,bba,22,149,B%26I
04814901822,bba,22,149,B%26I
06814901822,bba,22,149,B%26I
05914901822,bba,22,149,B%26I
35514901822,bba,22,149,B%26I
05614901822,bba,22,149,B%26I
35614901822,bba,22,149,B%26I
07514901822,bba,22,149,B%26I
02314901822,bba,22,149,B%26I
06614901822,bba,22,149,B%26I
03921201822,bba,22,212,B%26I
04221201822,bba,22,212,B%26I
01821201822,bba,22,212,B%26I
04121201822,bba,22,212,B%26I
04921201822,bba,22,212,B%26I
00421201822,bba,22,212,B%26I
05121201822,bba,22,212,B%26I
06221201822,bba,22,212,B%26I
03221201822,bba,22,212,B%26I
00921201822,bba,22,212,B%26I
02121201822,bba,22,212,B%26I
04521201822,bba,22,212,B%26I
70221201822,bba,22,212,B%26I
03121201822,bba,22,212,B%26I
02621201822,bba,22,212,B%26I
08121201822,bba,22,212,B%26I
05821201822,bba,22,212,B%26I
01421201822,bba,22,212,B%26I
04621201822,bba,22,212,B%26I
01721201822,bba,22,212,B%26I
05521201822,bba,22,212,B%26I
07721201822,bba,22,212,B%26I
04021201822,bba,22,212,B%26I
04321201822,bba,22,212,B%26I
01321201822,bba,22,212,B%26I
02521201822,bba,22,212,B%26I
02821201822,bba,22,212,B%26I
00321201822,bba,22,212,B%26I
02921201822,bba,22,212,B%26I
07421201822,bba,22,212,B%26I
05421201822,bba,22,212,B%26I
08221201822,bba,22,212,B%26I
05721201822,bba,22,212,B%26I
08821201822,bba,22,212,B%26I
05321201822,bba,22,212,B%26I
08021201822,bba,22,212,B%26I
35121201822,bba,22,212,B%26I
70121201822,bba,22,212,B%26I
70321201822,bba,22,212,B%26I
07221201822,bba,22,212,B%26I
35221201822,bba,22,212,B%26I
03321201822,bba,22,212,B%26I
35621201822,bba,22,212,B%26I
03021201822,bba,22,212,B%26I
00121201822,bba,22,212,B%26I
35421201822,bba,22,212,B%26I
07121201822,bba,22,212,B%26I
02421201822,bba,22,212,B%26I
35521201822,bba,22,212,B%26I
08721201822,bba,22,212,B%26I
35321201822,bba,22,212,B%26I
15514901722,bba,22,149,G
14214901722,bba,22,149,G
05814901722,bba,22,149,G
20014901722,bba,22,149,G
10414901722,bba,22,149,G
14314901722,bba,22,149,G
18114901722,bba,22,149,G
07914901722,bba,22,149,G
09514901722,bba,22,149,G
19014901722,bba,22,149,G
20814901722,bba,22,149,G
25114901722,bba,22,149,G
21514901722,bba,22,149,G
16514901722,bba,22,149,G
09214901722,bba,22,149,G
25214901722,bba,22,149,G
02114901722,bba,22,149,G
17014901722,bba,22,149,G
21614901722,bba,22,149,G
05614901722,bba,22,149,G
15214901722,bba,22,149,G
16614901722,bba,22,149,G
23114901722,bba,22,149,G
25814901722,bba,22,149,G
05314901722,bba,22,149,G
11214901722,bba,22,149,G
13414901722,bba,22,149,G
06414901722,bba,22,149,G
12214901722,bba,22,149,G
24814901722,bba,22,149,G
35214901722,bba,22,149,G
08114901722,bba,22,149,G
02414901722,bba,22,149,G
17614901722,bba,22,149,G
07714901722,bba,22,149,G
21414901722,bba,22,149,G
81614901722,bba,22,149,G
00514901722,bba,22,149,G
25314901722,bba,22,149,G
36314901722,bba,22,149,G
13514901722,bba,22,149,G
01314901722,bba,22,149,G
20414901722,bba,22,149,G
04714901722,bba,22,149,G
10814901722,bba,22,149,G
81414901722,bba,22,149,G
25714901722,bba,22,149,G
08614901722,bba,22,149,G
17314901722,bba,22,149,G
16214901722,bba,22,149,G
35314901722,bba,22,149,G
17714901722,bba,22,149,G
35814901722,bba,22,149,G
14114901722,bba,22,149,G
36214901722,bba,22,149,G
20214901722,bba,22,149,G
09714901722,bba,22,149,G
18714901722,bba,22,149,G
06014901722,bba,22,149,G
10314901722,bba,22,149,G
14914901722,bba,22,149,G
02514901722,bba,22,149,G
08714901722,bba,22,149,G
15014901722,bba,22,149,G
23314901722,bba,22,149,G
06114901722,bba,22,149,G
02914901722,bba,22,149,G
80814901722,bba,22,149,G
08914901722,bba,22,149,G
15614901722,bba,22,149,G
26214901722,bba,22,149,G
12914901722,bba,22,149,G
70214901722,bba,22,149,G
10014901722,bba,22,149,G
80314901722,bba,22,149,G
09914901722,bba,22,149,G
05114901722,bba,22,149,G
17514901722,bba,22,149,G
19814901722,bba,22,149,G
22314901722,bba,22,149,G
16114901722,bba,22,149,G
20114901722,bba,22,149,G
82414901722,bba,22,149,G
23614901722,bba,22,149,G
08314901722,bba,22,149,G
24714901722,bba,22,149,G
19714901722,bba,22,149,G
36014901722,bba,22,149,G
81014901722,bba,22,149,G
80214901722,bba,22,149,G
35514901722,bba,22,149,G
70114901722,bba,22,149,G
26514901722,bba,22,149,G
81814901722,bba,22,149,G
81714901722,bba,22,149,G
20514901722,bba,22,149,G
13714901722,bba,22,149,G
04814901722,bba,22,149,G
15814901722,bba,22,149,G
80114901722,bba,22,149,G
80914901722,bba,22,149,G
04214901722,bba,22,149,G
11614901722,bba,22,149,G
81214901722,bba,22,149,G
03614901722,bba,22,149,G
14514901722,bba,22,149,G
11914901722,bba,22,149,G
82314901722,bba,22,149,G
36414901722,bba,22,149,G
11114901722,bba,22,149,G
07214901722,bba,22,149,G
07114901722,bba,22,149,G
35614901722,bba,22,149,G
03714901722,bba,22,149,G
80614901722,bba,22,149,G
11014901722,bba,22,149,G
03114901722,bba,22,149,G
35914901722,bba,22,149,G
36714901722,bba,22,149,G
06914901722,bba,22,149,G
17914901722,bba,22,149,G
24414901722,bba,22,149,G
82114901722,bba,22,149,G
23814901722,bba,22,149,G
24014901722,bba,22,149,G
35714901722,bba,22,149,G
02214901722,bba,22,149,G
13914901722,bba,22,149,G
80514901722,bba,22,149,G
14414901722,bba,22,149,G
08514901722,bba,22,149,G
12614901722,bba,22,149,G
00314901722,bba,22,149,G
19314901722,bba,22,149,G
24514901722,bba,22,149,G
82014901722,bba,22,149,G
15314901722,bba,22,149,G
10514901722,bba,22,149,G
81914901722,bba,22,149,G
04414901722,bba,22,149,G
36114901722,bba,22,149,G
82514901722,bba,22,149,G
22114901722,bba,22,149,G
82214901722,bba,22,149,G
03414901722,bba,22,149,G
81114901722,bba,22,149,G
13814901722,bba,22,149,G
81314901722,bba,22,149,G
36514901722,bba,22,149,G
80414901722,bba,22,149,G
03014901722,bba,22,149,G
07614901722,bba,22,149,G
82614901722,bba,22,149,G
18914901722,bba,22,149,G
06314901722,bba,22,149,G
81514901722,bba,22,149,G
36614901722,bba,22,149,G
25514901722,bba,22,149,G
35114901722,bba,22,149,G
35414901722,bba,22,149,G
80714901722,bba,22,149,G
01221201722,bba,22,212,G
70221201722,bba,22,212,G
05721201722,bba,22,212,G
21021201722,bba,22,212,G
19521201722,bba,22,212,G
16921201722,bba,22,212,G
01721201722,bba,22,212,G
13121201722,bba,22,212,G
14621201722,bba,22,212,G
01621201722,bba,22,212,G
05921201722,bba,22,212,G
12821201722,bba,22,212,G
20321201722,bba,22,212,G
11721201722,bba,22,212,G
18221201722,bba,22,212,G
06821201722,bba,22,212,G
21121201722,bba,22,212,G
00221201722,bba,22,212,G
07321201722,bba,22,212,G
18821201722,bba,22,212,G
23021201722,bba,22,212,G
16721201722,bba,22,212,G
03921201722,bba,22,212,G
18321201722,bba,22,212,G
00121201722,bba,22,212,G
02821201722,bba,22,212,G
15921201722,bba,22,212,G
25421201722,bba,22,212,G
17421201722,bba,22,212,G
06721201722,bba,22,212,G
05521201722,bba,22,212,G
14721201722,bba,22,212,G
36421201722,bba,22,212,G
12721201722,bba,22,212,G
15121201722,bba,22,212,G
17821201722,bba,22,212,G
22721201722,bba,22,212,G
24921201722,bba,22,212,G
26121201722,bba,22,212,G
18421201722,bba,22,212,G
14821201722,bba,22,212,G
23921201722,bba,22,212,G
25021201722,bba,22,212,G
00821201722,bba,22,212,G
13321201722,bba,22,212,G
09121201722,bba,22,212,G
36321201722,bba,22,212,G
05421201722,bba,22,212,G
06521201722,bba,22,212,G
03521201722,bba,22,212,G
07521201722,bba,22,212,G
22921201722,bba,22,212,G
01921201722,bba,22,212,G
11321201722,bba,22,212,G
04521201722,bba,22,212,G
04021201722,bba,22,212,G
24221201722,bba,22,212,G
11821201722,bba,22,212,G
02621201722,bba,22,212,G
23521201722,bba,22,212,G
24121201722,bba,22,212,G
35421201722,bba,22,212,G
03821201722,bba,22,212,G
01021201722,bba,22,212,G
00621201722,bba,22,212,G
19421201722,bba,22,212,G
20721201722,bba,22,212,G
36521201722,bba,22,212,G
01521201722,bba,22,212,G
24321201722,bba,22,212,G
01121201722,bba,22,212,G
16321201722,bba,22,212,G
04621201722,bba,22,212,G
08821201722,bba,22,212,G
21821201722,bba,22,212,G
13021201722,bba,22,212,G
16821201722,bba,22,212,G
04321201722,bba,22,212,G
10621201722,bba,22,212,G
19921201722,bba,22,212,G
35521201722,bba,22,212,G
05221201722,bba,22,212,G
25621201722,bba,22,212,G
02021201722,bba,22,212,G
09621201722,bba,22,212,G
20621201722,bba,22,212,G
00921201722,bba,22,212,G
24621201722,bba,22,212,G
19121201722,bba,22,212,G
11421201722,bba,22,212,G
09021201722,bba,22,212,G
15421201722,bba,22,212,G
22421201722,bba,22,212,G
06221201722,bba,22,212,G
14021201722,bba,22,212,G
26321201722,bba,22,212,G
10721201722,bba,22,212,G
13621201722,bba,22,212,G
36121201722,bba,22,212,G
35721201722,bba,22,212,G
35821201722,bba,22,212,G
35321201722,bba,22,212,G
22221201722,bba,22,212,G
21721201722,bba,22,212,G
12321201722,bba,22,212,G
02721201722,bba,22,212,G
35121201722,bba,22,212,G
10121201722,bba,22,212,G
35221201722,bba,22,212,G
06621201722,bba,22,212,G
02321201722,bba,22,212,G
19221201722,bba,22,212,G
20921201722,bba,22,212,G
35621201722,bba,22,212,G
22021201722,bba,22,212,G
25921201722,bba,22,212,G
23421201722,bba,22,212,G
17221201722,bba,22,212,G
18621201722,bba,22,212,G
35921201722,bba,22,212,G
01821201722,bba,22,212,G
10221201722,bba,22,212,G
08421201722,bba,22,212,G
13221201722,bba,22,212,G
09821201722,bba,22,212,G
26421201722,bba,22,212,G
21321201722,bba,22,212,G
23221201722,bba,22,212,G
12121201722,bba,22,212,G
03321201722,bba,22,212,G
36721201722,bba,22,212,G
05021201722,bba,22,212,G
12421201722,bba,22,212,G
36821201722,bba,22,212,G
16421201722,bba,22,212,G
36021201722,bba,22,212,G
08221201722,bba,22,212,G
36221201722,bba,22,212,G
22621201722,bba,22,212,G
36621201722,bba,22,212,G
03221201722,bba,22,212,G
12521201722,bba,22,212,G
10921201722,bba,22,212,G
09321201722,bba,22,212,G
22821201722,bba,22,212,G
12021201722,bba,22,212,G
18521201722,bba,22,212,G
11521201722,bba,22,212,G
08021201722,bba,22,212,G
17121201722,bba,22,212,G
00314902122,bed,22,149,GENERAL
05114902122,bed,22,149,GENERAL
01714902122,bed,22,149,GENERAL
06814902122,bed,22,149,GENERAL
05014902122,bed,22,149,GENERAL
08314902122,bed,22,149,GENERAL
35214902122,bed,22,149,GENERAL
03514902122,bed,22,149,GENERAL
03614902122,bed,22,149,GENERAL
04114902122,bed,22,149,GENERAL
05214902122,bed,22,149,GENERAL
02714902122,bed,22,149,GENERAL
01914902122,bed,22,149,GENERAL
02414902122,bed,22,149,GENERAL
01114902122,bed,22,149,GENERAL
04514902122,bed,22,149,GENERAL
04814902122,bed,22,149,GENERAL
02614902122,bed,22,149,GENERAL
00714902122,bed,22,149,GENERAL
02114902122,bed,22,149,GENERAL
01214902122,bed,22,149,GENERAL
05614902122,bed,22,149,GENERAL
00214902122,bed,22,149,GENERAL
35314902122,bed,22,149,GENERAL
02514902122,bed,22,149,GENERAL
06114902122,bed,22,149,GENERAL
01614902122,bed,22,149,GENERAL
05914902122,bed,22,149,GENERAL
07714902122,bed,22,149,GENERAL
08414902122,bed,22,149,GENERAL
05814902122,bed,22,149,GENERAL
04214902122,bed,22,149,GENERAL
06214902122,bed,22,149,GENERAL
35914902122,bed,22,149,GENERAL
06414902122,bed,22,149,GENERAL
08214902122,bed,22,149,GENERAL
04014902122,bed,22,149,GENERAL
05314902122,bed,22,149,GENERAL
04914902122,bed,22,149,GENERAL
06614902122,bed,22,149,GENERAL
00114902122,bed,22,149,GENERAL
01414902122,bed,22,149,GENERAL
01314902122,bed,22,149,GENERAL
01814902122,bed,22,149,GENERAL
06714902122,bed,22,149,GENERAL
00814902122,bed,22,149,GENERAL
02914902122,bed,22,149,GENERAL
04414902122,bed,22,149,GENERAL
07614902122,bed,22,149,GENERAL
03314902122,bed,22,149,GENERAL
05714902122,bed,22,149,GENERAL
06014902122,bed,22,149,GENERAL
06514902122,bed,22,149,GENERAL
02014902122,bed,22,149,GENERAL
05514902122,bed,22,149,GENERAL
04614902122,bed,22,149,GENERAL
07114902122,bed,22,149,GENERAL
08514902122,bed,22,149,GENERAL
08614902122,bed,22,149,GENERAL
08714902122,bed,22,149,GENERAL
03914902122,bed,22,149,GENERAL
07314902122,bed,22,149,GENERAL
02814902122,bed,22,149,GENERAL
04314902122,bed,22,149,GENERAL
06914902122,bed,22,149,GENERAL
07814902122,bed,22,149,GENERAL
03714902122,bed,22,149,GENERAL
02314902122,bed,22,149,GENERAL
07014902122,bed,22,149,GENERAL
00914902122,bed,22,149,GENERAL
07914902122,bed,22,149,GENERAL
05414902122,bed,22,149,GENERAL
08014902122,bed,22,149,GENERAL
35114902122,bed,22,149,GENERAL
04714902122,bed,22,149,GENERAL
35814902122,bed,22,149,GENERAL
06314902122,bed,22,149,GENERAL
01014902122,bed,22,149,GENERAL
03814902122,bed,22,149,GENERAL
00414902122,bed,22,149,GENERAL
00614902122,bed,22,149,GENERAL
36014902122,bed,22,149,GENERAL
08114902122,bed,22,149,GENERAL
00514902122,bed,22,149,GENERAL
35714902122,bed,22,149,GENERAL
35514902122,bed,22,149,GENERAL
03014902122,bed,22,149,GENERAL
07514902122,bed,22,149,GENERAL
07414902122,bed,22,149,GENERAL
03114902122,bed,22,149,GENERAL
08914902122,bed,22,149,GENERAL
35414902122,bed,22,149,GENERAL
03214902122,bed,22,149,GENERAL
35614902122,bed,22,149,GENERAL
08814902122,bed,22,149,GENERAL
01514902122,bed,22,149,GENERAL
04296302722,btech,22,963,CSE
20296302722,btech,22,963,CSE
02496302722,btech,22,963,CSE
20396302722,btech,22,963,CSE
02596302722,btech,22,963,CSE
20196302722,btech,22,963,CSE
03496302722,btech,22,963,CSE
35596302722,btech,22,963,CSE
03296302722,btech,22,963,CSE
00596307223,btech,22,963,CSE
04796302722,btech,22,963,CSE
01696302722,btech,22,963,CSE
00396302722,btech,22,963,CSE
01796302722,btech,22,963,CSE
00396307223,btech,22,963,CSE
01296302722,btech,22,963,CSE
03696302722,btech,22,963,CSE
35496302722,btech,22,963,CSE
01496302722,btech,22,963,CSE
35696302722,btech,22,963,CSE
35196302722,btech,22,963,CSE
01196302722,btech,22,963,CSE
00196302722,btech,22,963,CSE
00496307223,btech,22,963,CSE
04896302722,btech,22,963,CSE
03196302722,btech,22,963,CSE
00796302722,btech,22,963,CSE
00496302722,btech,22,963,CSE
01596302722,btech,22,963,CSE
04496302722,btech,22,963,CSE
00896302722,btech,22,963,CSE
03996302722,btech,22,963,CSE
04396302722,btech,22,963,CSE
04996302722,btech,22,963,CSE
02696302722,btech,22,963,CSE
04696302722,btech,22,963,CSE
03796302722,btech,22,963,CSE
05196302722,btech,22,963,CSE
01396302722,btech,22,963,CSE
01996302722,btech,22,963,CSE
02296302722,btech,22,963,CSE
02996302722,btech,22,963,CSE
35296302722,btech,22,963,CSE
00696302722,btech,22,963,CSE
05096302722,btech,22,963,CSE
00996302722,btech,22,963,CSE
04096302722,btech,22,963,CSE
04596302722,btech,22,963,CSE
00596302722,btech,22,963,CSE
03396302722,btech,22,963,CSE
03096302722,btech,22,963,CSE
03596302722,btech,22,963,CSE
02396302722,btech,22,963,CSE
35396302722,btech,22,963,CSE
04196302722,btech,22,963,CSE
02196302722,btech,22,963,CSE
03896302722,btech,22,963,CSE
01896302722,btech,22,963,CSE
02896302722,btech,22,963,CSE
00296307223,btech,22,963,CSE
02796302722,btech,22,963,CSE
00196307223,btech,22,963,CSE
01096302722,btech,22,963,CSE
02096302722,btech,22,963,CSE
00296302722,btech,22,963,CSE
07715002722,btech,22,150,CSE
13315002722,btech,22,150,CSE
10515002722,btech,22,150,CSE
12115002722,btech,22,150,CSE
00915002722,btech,22,150,CSE
15915002722,btech,22,150,CSE
01815002722,btech,22,150,CSE
03315002722,btech,22,150,CSE
07815002722,btech,22,150,CSE
20115002722,btech,22,150,CSE
10315002722,btech,22,150,CSE
14815002722,btech,22,150,CSE
15615002722,btech,22,150,CSE
02315002722,btech,22,150,CSE
09815002722,btech,22,150,CSE
36115002722,btech,22,150,CSE
09015002722,btech,22,150,CSE
12515002722,btech,22,150,CSE
09715002722,btech,22,150,CSE
08215002722,btech,22,150,CSE
06715002722,btech,22,150,CSE
14915002722,btech,22,150,CSE
10115002722,btech,22,150,CSE
15015002722,btech,22,150,CSE
35115007223,btech,22,150,CSE
02515002722,btech,22,150,CSE
08015002722,btech,22,150,CSE
20315002722,btech,22,150,CSE
01615007223,btech,22,150,CSE
02715002722,btech,22,150,CSE
05815002722,btech,22,150,CSE
08615002722,btech,22,150,CSE
01915002722,btech,22,150,CSE
00815007223,btech,22,150,CSE
03815002722,btech,22,150,CSE
14515002722,btech,22,150,CSE
36715002722,btech,22,150,CSE
20415002722,btech,22,150,CSE
00315007223,btech,22,150,CSE
03115002722,btech,22,150,CSE
04115002722,btech,22,150,CSE
10615002722,btech,22,150,CSE
00415007223,btech,22,150,CSE
04515002722,btech,22,150,CSE
35315002722,btech,22,150,CSE
36315002722,btech,22,150,CSE
13815002722,btech,22,150,CSE
01415002722,btech,22,150,CSE
09115002722,btech,22,150,CSE
35215002722,btech,22,150,CSE
04315002722,btech,22,150,CSE
01315002722,btech,22,150,CSE
06315002722,btech,22,150,CSE
12715002722,btech,22,150,CSE
06115002722,btech,22,150,CSE
10215002722,btech,22,150,CSE
13715002722,btech,22,150,CSE
01415007223,btech,22,150,CSE
09915002722,btech,22,150,CSE
00915007223,btech,22,150,CSE
03015002722,btech,22,150,CSE
07115002722,btech,22,150,CSE
12415002722,btech,22,150,CSE
20215002722,btech,22,150,CSE
36415002722,btech,22,150,CSE
16015002722,btech,22,150,CSE
00315002722,btech,22,150,CSE
06915002722,btech,22,150,CSE
35115002722,btech,22,150,CSE
03715002722,btech,22,150,CSE
01115002722,btech,22,150,CSE
06815002722,btech,22,150,CSE
35215007223,btech,22,150,CSE
14015002722,btech,22,150,CSE
02215002722,btech,22,150,CSE
10915002722,btech,22,150,CSE
14715002722,btech,22,150,CSE
35515002722,btech,22,150,CSE
12815002722,btech,22,150,CSE
35615002722,btech,22,150,CSE
15715002722,btech,22,150,CSE
05515002722,btech,22,150,CSE
10415002722,btech,22,150,CSE
09515002722,btech,22,150,CSE
00615007223,btech,22,150,CSE
13415002722,btech,22,150,CSE
02115002722,btech,22,150,CSE
14215002722,btech,22,150,CSE
15115002722,btech,22,150,CSE
01215002722,btech,22,150,CSE
02915002722,btech,22,150,CSE
05415002722,btech,22,150,CSE
15815002722,btech,22,150,CSE
13615002722,btech,22,150,CSE
08115002722,btech,22,150,CSE
08715002722,btech,22,150,CSE
05315002722,btech,22,150,CSE
02615002722,btech,22,150,CSE
10015002722,btech,22,150,CSE
08315002722,btech,22,150,CSE
35415002722,btech,22,150,CSE
05015002722,btech,22,150,CSE
36815002722,btech,22,150,CSE
04215002722,btech,22,150,CSE
15515002722,btech,22,150,CSE
09315002722,btech,22,150,CSE
75415002722,btech,22,150,CSE
00815002722,btech,22,150,CSE
04615002722,btech,22,150,CSE
75215002722,btech,22,150,CSE
04915002722,btech,22,150,CSE
00715007223,btech,22,150,CSE
08815002722,btech,22,150,CSE
13115002722,btech,22,150,CSE
03215002722,btech,22,150,CSE
15415002722,btech,22,150,CSE
01615002722,btech,22,150,CSE
36515002722,btech,22,150,CSE
14615002722,btech,22,150,CSE
35815002722,btech,22,150,CSE
11315002722,btech,22,150,CSE
13215002722,btech,22,150,CSE
01115007223,btech,22,150,CSE
07915002722,btech,22,150,CSE
36215002722,btech,22,150,CSE
08515002722,btech,22,150,CSE
75315002722,btech,22,150,CSE
01715002722,btech,22,150,CSE
09415002722,btech,22,150,CSE
39915002722,btech,22,150,CSE
01015007223,btech,22,150,CSE
01015002722,btech,22,150,CSE
07015002722,btech,22,150,CSE
09615002722,btech,22,150,CSE
02415002722,btech,22,150,CSE
02015002722,btech,22,150,CSE
11915002722,btech,22,150,CSE
75615002722,btech,22,150,CSE
09215002722,btech,22,150,CSE
11115002722,btech,22,150,CSE
04815002722,btech,22,150,CSE
12315002722,btech,22,150,CSE
11515002722,btech,22,150,CSE
14415002722,btech,22,150,CSE
04015002722,btech,22,150,CSE
10715002722,btech,22,150,CSE
36015002722,btech,22,150,CSE
00215002722,btech,22,150,CSE
11015002722,btech,22,150,CSE
05915002722,btech,22,150,CSE
06015002722,btech,22,150,CSE
01215007223,btech,22,150,CSE
05215002722,btech,22,150,CSE
07515002722,btech,22,150,CSE
00715002722,btech,22,150,CSE
11215002722,btech,22,150,CSE
10815002722,btech,22,150,CSE
13515002722,btech,22,150,CSE
08915002722,btech,22,150,CSE
06415002722,btech,22,150,CSE
05715002722,btech,22,150,CSE
04715002722,btech,22,150,CSE
14315002722,btech,22,150,CSE
15215002722,btech,22,150,CSE
35915002722,btech,22,150,CSE
00515007223,btech,22,150,CSE
03515002722,btech,22,150,CSE
05615002722,btech,22,150,CSE
01315007223,btech,22,150,CSE
04415002722,btech,22,150,CSE
13915002722,btech,22,150,CSE
00615002722,btech,22,150,CSE
08415002722,btech,22,150,CSE
01515007223,btech,22,150,CSE
07415002722,btech,22,150,CSE
07315002722,btech,22,150,CSE
06515002722,btech,22,150,CSE
12015002722,btech,22,150,CSE
14115002722,btech,22,150,CSE
03615002722,btech,22,150,CSE
00115002722,btech,22,150,CSE
03915002722,btech,22,150,CSE
36615002722,btech,22,150,CSE
13015002722,btech,22,150,CSE
00515002722,btech,22,150,CSE
07615002722,btech,22,150,CSE
15315002722,btech,22,150,CSE
00215007223,btech,22,150,CSE
11815002722,btech,22,150,CSE
06215002722,btech,22,150,CSE
02815002722,btech,22,150,CSE
06615002722,btech,22,150,CSE
12915002722,btech,22,150,CSE
05115002722,btech,22,150,CSE
70115002722,btech,22,150,CSE
11415002722,btech,22,150,CSE
11615002722,btech,22,150,CSE
00415002722,btech,22,150,CSE
11715002722,btech,22,150,CSE
03415002722,btech,22,150,CSE
00115007223,btech,22,150,CSE
07215002722,btech,22,150,CSE
12215002722,btech,22,150,CSE
01515002722,btech,22,150,CSE
75115002722,btech,22,150,CSE
12615002722,btech,22,150,CSE
75515002722,btech,22,150,CSE
00196302822,btech,22,963,ECE
02296302822,btech,22,963,ECE
03296302822,btech,22,963,ECE
35496302822,btech,22,963,ECE
01396302822,btech,22,963,ECE
04096302822,btech,22,963,ECE
01496307323,btech,22,963,ECE
04796302822,btech,22,963,ECE
01496302822,btech,22,963,ECE
03596302822,btech,22,963,ECE
01296302822,btech,22,963,ECE
35596302822,btech,22,963,ECE
00496302822,btech,22,963,ECE
01596307323,btech,22,963,ECE
02796302822,btech,22,963,ECE
00296307323,btech,22,963,ECE
03396302822,btech,22,963,ECE
35696302822,btech,22,963,ECE
00796307323,btech,22,963,ECE
00396302822,btech,22,963,ECE
02096302822,btech,22,963,ECE
00796302822,btech,22,963,ECE
03796302822,btech,22,963,ECE
03496302822,btech,22,963,ECE
04196302822,btech,22,963,ECE
00596307323,btech,22,963,ECE
35296302822,btech,22,963,ECE
03096302822,btech,22,963,ECE
04596302822,btech,22,963,ECE
01096307323,btech,22,963,ECE
00996302822,btech,22,963,ECE
01696302822,btech,22,963,ECE
01896302822,btech,22,963,ECE
02896302822,btech,22,963,ECE
02396302822,btech,22,963,ECE
02596302822,btech,22,963,ECE
00696307323,btech,22,963,ECE
04896302822,btech,22,963,ECE
00996307323,btech,22,963,ECE
01196302822,btech,22,963,ECE
01096302822,btech,22,963,ECE
35396302822,btech,22,963,ECE
00596302822,btech,22,963,ECE
01596302822,btech,22,963,ECE
00896302822,btech,22,963,ECE
04296302822,btech,22,963,ECE
04496302822,btech,22,963,ECE
03996302822,btech,22,963,ECE
02696302822,btech,22,963,ECE
01696307323,btech,22,963,ECE
00196307323,btech,22,963,ECE
01296307323,btech,22,963,ECE
03196302822,btech,22,963,ECE
01796307323,btech,22,963,ECE
03896302822,btech,22,963,ECE
01996302822,btech,22,963,ECE
02496302822,btech,22,963,ECE
00396307323,btech,22,963,ECE
04696302822,btech,22,963,ECE
03696302822,btech,22,963,ECE
35196302822,btech,22,963,ECE
01396307323,btech,22,963,ECE
00896307323,btech,22,963,ECE
01796302822,btech,22,963,ECE
00496307323,btech,22,963,ECE
02996302822,btech,22,963,ECE
02196302822,btech,22,963,ECE
04396302822,btech,22,963,ECE
01196307323,btech,22,963,ECE
00696302822,btech,22,963,ECE
08215002822,btech,22,150,ECE
04715002822,btech,22,150,ECE
05715002822,btech,22,150,ECE
03515002822,btech,22,150,ECE
20415002822,btech,22,150,ECE
02815002822,btech,22,150,ECE
04815002822,btech,22,150,ECE
07115002822,btech,22,150,ECE
00415002822,btech,22,150,ECE
05515002822,btech,22,150,ECE
08615002822,btech,22,150,ECE
06415002822,btech,22,150,ECE
05115002822,btech,22,150,ECE
07515002822,btech,22,150,ECE
35515002822,btech,22,150,ECE
20215002822,btech,22,150,ECE
08415002822,btech,22,150,ECE
20315002822,btech,22,150,ECE
01415002822,btech,22,150,ECE
00215002822,btech,22,150,ECE
35615002822,btech,22,150,ECE
03215002822,btech,22,150,ECE
01915002822,btech,22,150,ECE
04315002822,btech,22,150,ECE
35115002822,btech,22,150,ECE
07315002822,btech,22,150,ECE
02215002822,btech,22,150,ECE
35715002822,btech,22,150,ECE
07715002822,btech,22,150,ECE
20515002822,btech,22,150,ECE
20115002822,btech,22,150,ECE
01715002822,btech,22,150,ECE
36115002822,btech,22,150,ECE
00715002822,btech,22,150,ECE
07815002822,btech,22,150,ECE
00515002822,btech,22,150,ECE
05815002822,btech,22,150,ECE
21015002822,btech,22,150,ECE
21415002822,btech,22,150,ECE
35815002822,btech,22,150,ECE
03315002822,btech,22,150,ECE
20615002822,btech,22,150,ECE
21515002822,btech,22,150,ECE
00915002822,btech,22,150,ECE
20815002822,btech,22,150,ECE
00415007323,btech,22,150,ECE
01815002822,btech,22,150,ECE
20715002822,btech,22,150,ECE
09415002822,btech,22,150,ECE
09615002822,btech,22,150,ECE
07915002822,btech,22,150,ECE
05615002822,btech,22,150,ECE
01015002822,btech,22,150,ECE
09515002822,btech,22,150,ECE
04915002822,btech,22,150,ECE
10415002822,btech,22,150,ECE
10215002822,btech,22,150,ECE
05915002822,btech,22,150,ECE
03115002822,btech,22,150,ECE
08015002822,btech,22,150,ECE
01315002822,btech,22,150,ECE
02015002822,btech,22,150,ECE
02715002822,btech,22,150,ECE
04415002822,btech,22,150,ECE
00615002822,btech,22,150,ECE
02315002822,btech,22,150,ECE
00915007323,btech,22,150,ECE
20915002822,btech,22,150,ECE
05215002822,btech,22,150,ECE
08315002822,btech,22,150,ECE
10015002822,btech,22,150,ECE
07415002822,btech,22,150,ECE
06015002822,btech,22,150,ECE
21115002822,btech,22,150,ECE
06915002822,btech,22,150,ECE
36015002822,btech,22,150,ECE
06715002822,btech,22,150,ECE
09815002822,btech,22,150,ECE
03715002822,btech,22,150,ECE
06515002822,btech,22,150,ECE
21315002822,btech,22,150,ECE
02515002822,btech,22,150,ECE
08915002822,btech,22,150,ECE
04015002822,btech,22,150,ECE
04215002822,btech,22,150,ECE
35415002822,btech,22,150,ECE
02915002822,btech,22,150,ECE
06115002822,btech,22,150,ECE
21615002822,btech,22,150,ECE
21215002822,btech,22,150,ECE
10315002822,btech,22,150,ECE
75115002822,btech,22,150,ECE
01115002822,btech,22,150,ECE
35115007323,btech,22,150,ECE
36215002822,btech,22,150,ECE
03415002822,btech,22,150,ECE
00815007323,btech,22,150,ECE
03815002822,btech,22,150,ECE
03915002822,btech,22,150,ECE
09215002822,btech,22,150,ECE
35315002822,btech,22,150,ECE
06615002822,btech,22,150,ECE
35915002822,btech,22,150,ECE
08815002822,btech,22,150,ECE
00315007323,btech,22,150,ECE
09015002822,btech,22,150,ECE
04115002822,btech,22,150,ECE
09915002822,btech,22,150,ECE
02415002822,btech,22,150,ECE
01615002822,btech,22,150,ECE
00515007323,btech,22,150,ECE
00115007323,btech,22,150,ECE
00615007323,btech,22,150,ECE
08115002822,btech,22,150,ECE
00115002822,btech,22,150,ECE
08515002822,btech,22,150,ECE
06215002822,btech,22,150,ECE
01015007323,btech,22,150,ECE
10115002822,btech,22,150,ECE
05415002822,btech,22,150,ECE
02615002822,btech,22,150,ECE
02115002822,btech,22,150,ECE
09115002822,btech,22,150,ECE
04615002822,btech,22,150,ECE
01215002822,btech,22,150,ECE
05315002822,btech,22,150,ECE
00815002822,btech,22,150,ECE
07215002822,btech,22,150,ECE
03615002822,btech,22,150,ECE
09715002822,btech,22,150,ECE
06315002822,btech,22,150,ECE
07015002822,btech,22,150,ECE
00215007323,btech,22,150,ECE
00715007323,btech,22,150,ECE
08715002822,btech,22,150,ECE
06815002822,btech,22,150,ECE
01515002822,btech,22,150,ECE
09315002822,btech,22,150,ECE
00315002822,btech,22,150,ECE
03015002822,btech,22,150,ECE
04515002822,btech,22,150,ECE
07615002822,btech,22,150,ECE
35215002822,btech,22,150,ECE
00815004922,btech,22,150,EEE
04015004922,btech,22,150,EEE
00415004922,btech,22,150,EEE
04215004922,btech,22,150,EEE
00115007823,btech,22,150,EEE
01815004922,btech,22,150,EEE
00915004922,btech,22,150,EEE
02715004922,btech,22,150,EEE
03215004922,btech,22,150,EEE
00115004922,btech,22,150,EEE
03015004922,btech,22,150,EEE
02115004922,btech,22,150,EEE
00415007823,btech,22,150,EEE
00315007823,btech,22,150,EEE
01215004922,btech,22,150,EEE
04715004922,btech,22,150,EEE
04615004922,btech,22,150,EEE
01115004922,btech,22,150,EEE
04915004922,btech,22,150,EEE
03315004922,btech,22,150,EEE
03915004922,btech,22,150,EEE
35115004922,btech,22,150,EEE
02815004922,btech,22,150,EEE
01715004922,btech,22,150,EEE
03615004922,btech,22,150,EEE
00515004922,btech,22,150,EEE
04415004922,btech,22,150,EEE
00315004922,btech,22,150,EEE
00615004922,btech,22,150,EEE
01615004922,btech,22,150,EEE
04115004922,btech,22,150,EEE
35615004922,btech,22,150,EEE
03815004922,btech,22,150,EEE
04815004922,btech,22,150,EEE
04515004922,btech,22,150,EEE
00715004922,btech,22,150,EEE
01015004922,btech,22,150,EEE
02415004922,btech,22,150,EEE
02615004922,btech,22,150,EEE
04315004922,btech,22,150,EEE
03415004922,btech,22,150,EEE
01915004922,btech,22,150,EEE
00615007823,btech,22,150,EEE
00215004922,btech,22,150,EEE
01515004922,btech,22,150,EEE
35315004922,btech,22,150,EEE
35515004922,btech,22,150,EEE
02315004922,btech,22,150,EEE
35415004922,btech,22,150,EEE
02015004922,btech,22,150,EEE
00515007823,btech,22,150,EEE
02515004922,btech,22,150,EEE
03115004922,btech,22,150,EEE
05115004922,btech,22,150,EEE
35215004922,btech,22,150,EEE
02215004922,btech,22,150,EEE
01415004922,btech,22,150,EEE
00215007823,btech,22,150,EEE
03515004922,btech,22,150,EEE
03715004922,btech,22,150,EEE
02915004922,btech,22,150,EEE
00796303122,btech,22,963,IT
20196303122,btech,22,963,IT
02296303122,btech,22,963,IT
20296303122,btech,22,963,IT
04896303122,btech,22,963,IT
05296303122,btech,22,963,IT
20396303122,btech,22,963,IT
20496303122,btech,22,963,IT
04196303122,btech,22,963,IT
00896303122,btech,22,963,IT
35196303122,btech,22,963,IT
03096303122,btech,22,963,IT
04796303122,btech,22,963,IT
00296307723,btech,22,963,IT
03796303122,btech,22,963,IT
03196303122,btech,22,963,IT
35296303122,btech,22,963,IT
00996303122,btech,22,963,IT
35696303122,btech,22,963,IT
00596303122,btech,22,963,IT
01696303122,btech,22,963,IT
01196303122,btech,22,963,IT
01496303122,btech,22,963,IT
02496303122,btech,22,963,IT
02996303122,btech,22,963,IT
02196303122,btech,22,963,IT
04496303122,btech,22,963,IT
35596303122,btech,22,963,IT
00196303122,btech,22,963,IT
02696303122,btech,22,963,IT
00196307723,btech,22,963,IT
04696303122,btech,22,963,IT
01296303122,btech,22,963,IT
04596303122,btech,22,963,IT
04396303122,btech,22,963,IT
00296303122,btech,22,963,IT
03296303122,btech,22,963,IT
02096303122,btech,22,963,IT
03396303122,btech,22,963,IT
35496303122,btech,22,963,IT
01796303122,btech,22,963,IT
01096303122,btech,22,963,IT
03896303122,btech,22,963,IT
00396307723,btech,22,963,IT
02896303122,btech,22,963,IT
01596303122,btech,22,963,IT
04096303122,btech,22,963,IT
02396303122,btech,22,963,IT
04296303122,btech,22,963,IT
03996303122,btech,22,963,IT
01996303122,btech,22,963,IT
00696303122,btech,22,963,IT
03696303122,btech,22,963,IT
35396303122,btech,22,963,IT
05096303122,btech,22,963,IT
03496303122,btech,22,963,IT
01396303122,btech,22,963,IT
02796303122,btech,22,963,IT
00496307723,btech,22,963,IT
00496303122,btech,22,963,IT
05196303122,btech,22,963,IT
01896303122,btech,22,963,IT
00396303122,btech,22,963,IT
02596303122,btech,22,963,IT
04996303122,btech,22,963,IT
00596307723,btech,22,963,IT
20415003122,btech,22,150,IT
05115003122,btech,22,150,IT
08615003122,btech,22,150,IT
01915003122,btech,22,150,IT
00515007723,btech,22,150,IT
04715003122,btech,22,150,IT
02615003122,btech,22,150,IT
00615007723,btech,22,150,IT
01115003122,btech,22,150,IT
20215003122,btech,22,150,IT
01715003122,btech,22,150,IT
07315003122,btech,22,150,IT
03615003122,btech,22,150,IT
20115003122,btech,22,150,IT
10015003122,btech,22,150,IT
08215003122,btech,22,150,IT
04215003122,btech,22,150,IT
35115003122,btech,22,150,IT
07415003122,btech,22,150,IT
04015003122,btech,22,150,IT
02415003122,btech,22,150,IT
06015003122,btech,22,150,IT
09015003122,btech,22,150,IT
09715003122,btech,22,150,IT
01415003122,btech,22,150,IT
35515003122,btech,22,150,IT
08515003122,btech,22,150,IT
05615003122,btech,22,150,IT
07115003122,btech,22,150,IT
36015003122,btech,22,150,IT
00615003122,btech,22,150,IT
05015003122,btech,22,150,IT
01015003122,btech,22,150,IT
02515003122,btech,22,150,IT
20315003122,btech,22,150,IT
07915003122,btech,22,150,IT
05315003122,btech,22,150,IT
05715003122,btech,22,150,IT
06115003122,btech,22,150,IT
04615003122,btech,22,150,IT
07815003122,btech,22,150,IT
02115003122,btech,22,150,IT
00515003122,btech,22,150,IT
01215003122,btech,22,150,IT
01515003122,btech,22,150,IT
02015003122,btech,22,150,IT
05915003122,btech,22,150,IT
00315007723,btech,22,150,IT
00415007723,btech,22,150,IT
02915003122,btech,22,150,IT
00815003122,btech,22,150,IT
08815003122,btech,22,150,IT
02715003122,btech,22,150,IT
08315003122,btech,22,150,IT
06415003122,btech,22,150,IT
07515003122,btech,22,150,IT
05515003122,btech,22,150,IT
10115003122,btech,22,150,IT
06815003122,btech,22,150,IT
00115007723,btech,22,150,IT
09315003122,btech,22,150,IT
08715003122,btech,22,150,IT
35715003122,btech,22,150,IT
10315003122,btech,22,150,IT
02315003122,btech,22,150,IT
07715003122,btech,22,150,IT
00215007723,btech,22,150,IT
35115007723,btech,22,150,IT
35315003122,btech,22,150,IT
06715003122,btech,22,150,IT
75115003122,btech,22,150,IT
03215003122,btech,22,150,IT
35815003122,btech,22,150,IT
00215003122,btech,22,150,IT
01315003122,btech,22,150,IT
00415003122,btech,22,150,IT
09115003122,btech,22,150,IT
03515003122,btech,22,150,IT
03315003122,btech,22,150,IT
06515003122,btech,22,150,IT
03415003122,btech,22,150,IT
03815003122,btech,22,150,IT
04515003122,btech,22,150,IT
00715003122,btech,22,150,IT
00315003122,btech,22,150,IT
03115003122,btech,22,150,IT
09915003122,btech,22,150,IT
02815003122,btech,22,150,IT
05415003122,btech,22,150,IT
08015003122,btech,22,150,IT
06615003122,btech,22,150,IT
09215003122,btech,22,150,IT
00915007723,btech,22,150,IT
00915003122,btech,22,150,IT
05215003122,btech,22,150,IT
03915003122,btech,22,150,IT
36215003122,btech,22,150,IT
07015003122,btech,22,150,IT
06915003122,btech,22,150,IT
03015003122,btech,22,150,IT
35615003122,btech,22,150,IT
06215003122,btech,22,150,IT
08915003122,btech,22,150,IT
35215003122,btech,22,150,IT
04915003122,btech,22,150,IT
07215003122,btech,22,150,IT
00715007723,btech,22,150,IT
10215003122,btech,22,150,IT
01615003122,btech,22,150,IT
00815007723,btech,22,150,IT
01015007723,btech,22,150,IT
02215003122,btech,22,150,IT
70115003122,btech,22,150,IT
04315003122,btech,22,150,IT
03715003122,btech,22,150,IT
09615003122,btech,22,150,IT
08115003122,btech,22,150,IT
35415003122,btech,22,150,IT
01815003122,btech,22,150,IT
04815003122,btech,22,150,IT
36115003122,btech,22,150,IT
07615003122,btech,22,150,IT
05815003122,btech,22,150,IT
04415003122,btech,22,150,IT
06315003122,btech,22,150,IT
09515003122,btech,22,150,IT
00115003122,btech,22,150,IT
09415003122,btech,22,150,IT
35915003122,btech,22,150,IT
04115003122,btech,22,150,IT
08415003122,btech,22,150,IT
09815003122,btech,22,150,IT
02914988822,bcom,22,149,BCOM
01314988822,bcom,22,149,BCOM
00114988822,bcom,22,149,BCOM
02814988822,bcom,22,149,BCOM
03014988822,bcom,22,149,BCOM
01414988822,bcom,22,149,BCOM
80614988822,bcom,22,149,BCOM
35114988822,bcom,22,149,BCOM
04214988822,bcom,22,149,BCOM
80914988822,bcom,22,149,BCOM
02414988822,bcom,22,149,BCOM
35314988822,bcom,22,149,BCOM
03114988822,bcom,22,149,BCOM
00414988822,bcom,22,149,BCOM
02714988822,bcom,22,149,BCOM
35514988822,bcom,22,149,BCOM
03914988822,bcom,22,149,BCOM
00714988822,bcom,22,149,BCOM
00514988822,bcom,22,149,BCOM
03614988822,bcom,22,149,BCOM
02214988822,bcom,22,149,BCOM
00214988822,bcom,22,149,BCOM
00614988822,bcom,22,149,BCOM
35214988822,bcom,22,149,BCOM
02114988822,bcom,22,149,BCOM
01714988822,bcom,22,149,BCOM
04014988822,bcom,22,149,BCOM
35414988822,bcom,22,149,BCOM
00314988822,bcom,22,149,BCOM
01214988822,bcom,22,149,BCOM
00914988822,bcom,22,149,BCOM
00814988822,bcom,22,149,BCOM
01914988822,bcom,22,149,BCOM
03514988822,bcom,22,149,BCOM
01514988822,bcom,22,149,BCOM
80314988822,bcom,22,149,BCOM
03714988822,bcom,22,149,BCOM
04114988822,bcom,22,149,BCOM
80114988822,bcom,22,149,BCOM
02614988822,bcom,22,149,BCOM
03314988822,bcom,22,149,BCOM
81514988822,bcom,22,149,BCOM
80214988822,bcom,22,149,BCOM
80814988822,bcom,22,149,BCOM
80714988822,bcom,22,149,BCOM
03814988822,bcom,22,149,BCOM
81314988822,bcom,22,149,BCOM
81014988822,bcom,22,149,BCOM
81414988822,bcom,22,149,BCOM
81114988822,bcom,22,149,BCOM
81214988822,bcom,22,149,BCOM
80414988822,bcom,22,149,BCOM
80514988822,bcom,22,149,BCOM
08914902022,bca,22,149,BCA
01414902022,bca,22,149,BCA
06814902022,bca,22,149,BCA
08614902022,bca,22,149,BCA
02714902022,bca,22,149,BCA
06914902022,bca,22,149,BCA
07214902022,bca,22,149,BCA
00314902022,bca,22,149,BCA
06314902022,bca,22,149,BCA
06414902022,bca,22,149,BCA
04414902022,bca,22,149,BCA
09914902022,bca,22,149,BCA
03914902022,bca,22,149,BCA
02414902022,bca,22,149,BCA
04514902022,bca,22,149,BCA
09014902022,bca,22,149,BCA
02114902022,bca,22,149,BCA
01314902022,bca,22,149,BCA
07514902022,bca,22,149,BCA
01014902022,bca,22,149,BCA
01614902022,bca,22,149,BCA
03414902022,bca,22,149,BCA
10014902022,bca,22,149,BCA
04314902022,bca,22,149,BCA
04614902022,bca,22,149,BCA
04914902022,bca,22,149,BCA
06014902022,bca,22,149,BCA
08414902022,bca,22,149,BCA
05414902022,bca,22,149,BCA
07014902022,bca,22,149,BCA
35114902022,bca,22,149,BCA
00514902022,bca,22,149,BCA
08514902022,bca,22,149,BCA
06514902022,bca,22,149,BCA
35314902022,bca,22,149,BCA
35414902022,bca,22,149,BCA
08014902022,bca,22,149,BCA
07314902022,bca,22,149,BCA
09114902022,bca,22,149,BCA
03614902022,bca,22,149,BCA
05614902022,bca,22,149,BCA
09814902022,bca,22,149,BCA
02014902022,bca,22,149,BCA
06714902022,bca,22,149,BCA
35814902022,bca,22,149,BCA
01914902022,bca,22,149,BCA
03214902022,bca,22,149,BCA
06614902022,bca,22,149,BCA
08214902022,bca,22,149,BCA
36014902022,bca,22,149,BCA
07114902022,bca,22,149,BCA
09514902022,bca,22,149,BCA
01714902022,bca,22,149,BCA
05014902022,bca,22,149,BCA
00114902022,bca,22,149,BCA
03814902022,bca,22,149,BCA
07714902022,bca,22,149,BCA
05214902022,bca,22,149,BCA
35214902022,bca,22,149,BCA
08114902022,bca,22,149,BCA
02514902022,bca,22,149,BCA
03714902022,bca,22,149,BCA
07914902022,bca,22,149,BCA
04814902022,bca,22,149,BCA
35714902022,bca,22,149,BCA
03514902022,bca,22,149,BCA
36114902022,bca,22,149,BCA
05314902022,bca,22,149,BCA
02914902022,bca,22,149,BCA
01814902022,bca,22,149,BCA
35514902022,bca,22,149,BCA
09714902022,bca,22,149,BCA
03114902022,bca,22,149,BCA
09214902022,bca,22,149,BCA
06214902022,bca,22,149,BCA
02314902022,bca,22,149,BCA
01214902022,bca,22,149,BCA
05714902022,bca,22,149,BCA
00814902022,bca,22,149,BCA
08814902022,bca,22,149,BCA
05514902022,bca,22,149,BCA
08714902022,bca,22,149,BCA
35614902022,bca,22,149,BCA
09614902022,bca,22,149,BCA
02614902022,bca,22,149,BCA
05814902022,bca,22,149,BCA
08314902022,bca,22,149,BCA
02814902022,bca,22,149,BCA
04114902022,bca,22,149,BCA
01114902022,bca,22,149,BCA
04714902022,bca,22,149,BCA
35914902022,bca,22,149,BCA
70214902022,bca,22,149,BCA
00914902022,bca,22,149,BCA
36214902022,bca,22,149,BCA
03314902022,bca,22,149,BCA
06114902022,bca,22,149,BCA
00614902022,bca,22,149,BCA
03014902022,bca,22,149,BCA
04214902022,bca,22,149,BCA
70114902022,bca,22,149,BCA
07814902022,bca,22,149,BCA
70314902022,bca,22,149,BCA
07614902022,bca,22,149,BCA
07414902022,bca,22,149,BCA
01514902022,bca,22,149,BCA
09314902022,bca,22,149,BCA
04014902022,bca,22,149,BCA
05114902022,bca,22,149,BCA
05914902022,bca,22,149,BCA
02214902022,bca,22,149,BCA
00714902022,bca,22,149,BCA
09414902022,bca,22,149,BCA
00521202022,bca,22,212,BCA
09621202022,bca,22,212,BCA
07221202022,bca,22,212,BCA
02821202022,bca,22,212,BCA
03221202022,bca,22,212,BCA
02521202022,bca,22,212,BCA
10021202022,bca,22,212,BCA
09821202022,bca,22,212,BCA
03521202022,bca,22,212,BCA
35221202022,bca,22,212,BCA
08521202022,bca,22,212,BCA
06321202022,bca,22,212,BCA
04121202022,bca,22,212,BCA
10421202022,bca,22,212,BCA
00721202022,bca,22,212,BCA
05021202022,bca,22,212,BCA
05921202022,bca,22,212,BCA
01821202022,bca,22,212,BCA
08021202022,bca,22,212,BCA
04321202022,bca,22,212,BCA
05121202022,bca,22,212,BCA
10221202022,bca,22,212,BCA
02321202022,bca,22,212,BCA
05521202022,bca,22,212,BCA
00121202022,bca,22,212,BCA
01721202022,bca,22,212,BCA
08321202022,bca,22,212,BCA
00221202022,bca,22,212,BCA
01621202022,bca,22,212,BCA
02421202022,bca,22,212,BCA
01221202022,bca,22,212,BCA
03721202022,bca,22,212,BCA
03921202022,bca,22,212,BCA
06021202022,bca,22,212,BCA
35121202022,bca,22,212,BCA
06521202022,bca,22,212,BCA
01021202022,bca,22,212,BCA
05421202022,bca,22,212,BCA
09721202022,bca,22,212,BCA
02921202022,bca,22,212,BCA
08421202022,bca,22,212,BCA
03021202022,bca,22,212,BCA
01421202022,bca,22,212,BCA
08221202022,bca,22,212,BCA
02721202022,bca,22,212,BCA
08621202022,bca,22,212,BCA
03321202022,bca,22,212,BCA
02121202022,bca,22,212,BCA
04821202022,bca,22,212,BCA
07921202022,bca,22,212,BCA
35421202022,bca,22,212,BCA
06721202022,bca,22,212,BCA
03121202022,bca,22,212,BCA
08821202022,bca,22,212,BCA
05621202022,bca,22,212,BCA
06421202022,bca,22,212,BCA
10321202022,bca,22,212,BCA
05221202022,bca,22,212,BCA
35321202022,bca,22,212,BCA
06621202022,bca,22,212,BCA
00321202022,bca,22,212,BCA
05721202022,bca,22,212,BCA
06221202022,bca,22,212,BCA
01921202022,bca,22,212,BCA
07021202022,bca,22,212,BCA
03821202022,bca,22,212,BCA
35721202022,bca,22,212,BCA
01321202022,bca,22,212,BCA
09221202022,bca,22,212,BCA
04221202022,bca,22,212,BCA
02221202022,bca,22,212,BCA
35821202022,bca,22,212,BCA
09121202022,bca,22,212,BCA
10121202022,bca,22,212,BCA
02021202022,bca,22,212,BCA
03421202022,bca,22,212,BCA
06121202022,bca,22,212,BCA
05821202022,bca,22,212,BCA
00921202022,bca,22,212,BCA
07621202022,bca,22,212,BCA
06921202022,bca,22,212,BCA
04421202022,bca,22,212,BCA
04721202022,bca,22,212,BCA
03621202022,bca,22,212,BCA
08121202022,bca,22,212,BCA
35521202022,bca,22,212,BCA
01521202022,bca,22,212,BCA
35621202022,bca,22,212,BCA
07421202022,bca,22,212,BCA
08921202022,bca,22,212,BCA
36121202022,bca,22,212,BCA
09521202022,bca,22,212,BCA
70221202022,bca,22,212,BCA
07321202022,bca,22,212,BCA
07521202022,bca,22,212,BCA
02621202022,bca,22,212,BCA
04621202022,bca,22,212,BCA
04021202022,bca,22,212,BCA
70121202022,bca,22,212,BCA
09321202022,bca,22,212,BCA
09921202022,bca,22,212,BCA
35921202022,bca,22,212,BCA
00821202022,bca,22,212,BCA
36021202022,bca,22,212,BCA
36221202022,bca,22,212,BCA
08721202022,bca,22,212,BCA
05321202022,bca,22,212,BCA
00421202022,bca,22,212,BCA
01121202022,bca,22,212,BCA
07821202022,bca,22,212,BCA
06821202022,bca,22,212,BCA
00621202022,bca,22,212,BCA
09421202022,bca,22,212,BCA
07721202022,bca,22,212,BCA
09021202022,bca,22,212,BCA
04921202022,bca,22,212,BCA
